,iou,month_year,constant,size_comp,size_conc,gen_q_comp,gen_q_conc,inv_q_comp,inv_q_conc,q_comp,q_conc
0,sdge,2009-12-01,1,3740.9501,3740.9501,6948.0,6948.0,242.0,242.0,7190.0,7190.0
1,sdge,2010-01-01,1,1153.8453,1153.8453,1890.0,1890.0,167.0,167.0,2057.0,2057.0
2,sdge,2010-02-01,1,1303.5539,1303.5539,2237.0,2237.0,161.0,161.0,2398.0,2398.0
3,sdge,2010-03-01,1,2865.5551,2865.5551,6690.0,6690.0,198.0,198.0,6888.0,6888.0
4,sdge,2010-04-01,1,1326.2663,1326.2663,3756.0,3756.0,190.0,190.0,3946.0,3946.0
5,sdge,2010-05-01,1,1508.1639,1508.1639,1883.0,1883.0,253.0,253.0,2136.0,2136.0
6,sdge,2010-06-01,1,1684.4555,1684.4555,4750.0,4750.0,196.0,196.0,4946.0,4946.0
7,sdge,2011-07-01,1,2139.5933000000005,2140.8593,8616.0,8622.0,141.0,141.0,8757.0,8763.0
8,sdge,2010-07-01,1,1994.7649,1994.7649,5686.0,5686.0,145.0,145.0,5831.0,5831.0
9,sdge,2010-08-01,1,2463.8098,2463.8098,5202.0,5202.0,200.0,200.0,5402.0,5402.0
10,sdge,2010-09-01,1,3365.8829000000005,3365.8829000000005,17772.0,17772.0,214.0,214.0,17986.0,17986.0
11,sdge,2010-10-01,1,1804.8887,1804.8887,4528.0,4528.0,205.0,205.0,4733.0,4733.0
12,sdge,2010-11-01,1,3641.0742,3641.0742,8519.0,8519.0,310.0,310.0,8829.0,8829.0
13,sdge,2010-12-01,1,2710.0912,2710.0912,4501.0,4501.0,471.0,471.0,4972.0,4972.0
14,sdge,2011-01-01,1,1711.7102,1711.7102,5038.0,5038.0,181.0,181.0,5219.0,5219.0
15,sdge,2011-02-01,1,1938.1641,1938.1641,6433.0,6433.0,218.0,218.0,6651.0,6651.0
16,sdge,2011-03-01,1,2177.4171,2177.4171,4163.0,4163.0,311.0,311.0,4474.0,4474.0
17,sdge,2011-04-01,1,4100.145,4100.145,7608.0,7608.0,327.0,327.0,7935.0,7935.0
18,sdge,2011-05-01,1,2473.974,2473.974,6510.0,6510.0,252.0,252.0,6762.0,6762.0
19,sdge,2011-06-01,1,1945.7413,1947.0072999999998,7181.0,7187.0,281.0,281.0,7462.0,7468.0
20,sdge,2013-07-01,1,1.266,1.266,6.0,6.0,,,,
21,sdge,2011-08-01,1,2827.0962,2828.3622,11343.0,11349.0,210.0,210.0,11553.0,11559.0
22,sdge,2011-09-01,1,4354.7547,4356.0207,16688.0,16694.0,220.0,220.0,16908.0,16914.0
23,sdge,2011-10-01,1,3955.1261000000004,3956.3921000000005,9016.0,9022.0,159.0,159.0,9175.0,9181.0
24,sdge,2011-11-01,1,2012.2300999999998,2013.4960999999998,7765.0,7771.0,141.0,141.0,7906.0,7912.0
25,sdge,2011-12-01,1,2904.3607,2905.6267,8397.0,8403.0,150.0,150.0,8547.0,8553.0
26,sdge,2012-01-01,1,2336.0332,2337.2992,6873.0,6879.0,131.0,131.0,7004.0,7010.0
27,sdge,2012-02-01,1,2394.7721,2396.0381,9428.0,9434.0,158.0,158.0,9586.0,9592.0
28,sdge,2012-03-01,1,3683.7989,3685.0649000000003,13789.0,13795.0,156.0,156.0,13945.0,13951.0
29,sdge,2012-04-01,1,2080.8648000000003,2082.1308,10158.0,10164.0,162.0,162.0,10320.0,10326.0
30,sdge,2012-05-01,1,3288.4219,3289.6879,11832.0,11838.0,157.0,157.0,11989.0,11995.0
31,sdge,2012-06-01,1,4060.2914000000005,4647.4782,14834.0,17228.0,177.0,180.0,15011.0,17408.0
32,sdge,2013-06-01,1,585.9208,587.1868,2388.0,2394.0,3.0,3.0,2391.0,2397.0
33,sdge,2012-07-01,1,4761.3336,5348.5204,12569.0,14963.0,130.0,133.0,12699.0,15096.0
34,sdge,2008-10-01,1,314.3108,314.3108,487.0,487.0,35.0,35.0,522.0,522.0
35,sdge,2007-07-01,1,295.9381,295.9381,135.0,135.0,36.0,36.0,171.0,171.0
36,sdge,2007-03-01,1,234.46099999999998,234.46099999999998,60.0,60.0,21.0,21.0,81.0,81.0
37,sdge,2007-02-01,1,568.3176000000001,568.3176000000001,68.0,68.0,3.0,3.0,71.0,71.0
38,sdge,2007-04-01,1,448.11500000000007,448.11500000000007,30.0,30.0,37.0,37.0,67.0,67.0
39,sdge,2007-05-01,1,2157.861,2157.861,1498.0,1498.0,27.0,27.0,1525.0,1525.0
40,sdge,2007-06-01,1,392.9036,392.9036,384.0,384.0,30.0,30.0,414.0,414.0
41,sdge,2007-08-01,1,334.49050000000005,334.49050000000005,403.0,403.0,67.0,67.0,470.0,470.0
42,sdge,2007-09-01,1,1256.5916,1256.5916,74.0,74.0,26.0,26.0,100.0,100.0
43,sdge,2007-10-01,1,298.8864,298.8864,228.0,228.0,28.0,28.0,256.0,256.0
44,sdge,2008-11-01,1,1003.9917999999999,1003.9917999999999,471.0,471.0,24.0,24.0,495.0,495.0
45,sdge,2007-11-01,1,933.7409,933.7409,4087.0,4087.0,43.0,43.0,4130.0,4130.0
46,sdge,2007-12-01,1,219.6772,219.6772,114.0,114.0,29.0,29.0,143.0,143.0
47,sdge,2008-01-01,1,539.1396,539.1396,277.0,277.0,62.0,62.0,339.0,339.0
48,sdge,2008-02-01,1,610.7298000000001,610.7298000000001,268.0,268.0,32.0,32.0,300.0,300.0
49,sdge,2008-03-01,1,658.9262,658.9262,436.0,436.0,59.0,59.0,495.0,495.0
50,sdge,2008-04-01,1,1898.6166999999994,1898.6166999999994,6743.0,6743.0,72.0,72.0,6815.0,6815.0
51,sdge,2008-05-01,1,266.1015,266.1015,364.0,364.0,51.0,51.0,415.0,415.0
52,sdge,2008-06-01,1,2371.2462000000005,2371.2462000000005,613.0,613.0,43.0,43.0,656.0,656.0
53,sdge,2008-07-01,1,625.1868999999999,625.1868999999999,377.0,377.0,71.0,71.0,448.0,448.0
54,sdge,2008-08-01,1,510.8787,510.8787,737.0,737.0,39.0,39.0,776.0,776.0
55,sdge,2009-01-01,1,775.4088999999999,775.4088999999999,1464.0,1464.0,90.0,90.0,1554.0,1554.0
56,sdge,2008-09-01,1,2008.2579999999998,2008.2579999999998,600.0,600.0,84.0,84.0,684.0,684.0
57,sdge,2008-12-01,1,416.55580000000003,416.55580000000003,285.0,285.0,37.0,37.0,322.0,322.0
58,sdge,2009-02-01,1,470.9656000000001,470.9656000000001,967.0,967.0,48.0,48.0,1015.0,1015.0
59,sdge,2009-03-01,1,1005.6965999999999,1005.6965999999999,651.0,651.0,82.0,82.0,733.0,733.0
60,sdge,2009-04-01,1,731.7716,731.7716,852.0,852.0,94.0,94.0,946.0,946.0
61,sdge,2009-05-01,1,545.1057,545.1057,1086.0,1086.0,89.0,89.0,1175.0,1175.0
62,sdge,2009-06-01,1,831.8767,831.8767,1818.0,1818.0,124.0,124.0,1942.0,1942.0
63,sdge,2009-08-01,1,1183.8928999999998,1183.8928999999998,1709.0,1709.0,190.0,190.0,1899.0,1899.0
64,sdge,2009-07-01,1,1520.5808,1520.5808,1544.0,1544.0,151.0,151.0,1695.0,1695.0
65,sdge,2009-09-01,1,1346.4397999999999,1346.4397999999999,1919.0,1919.0,210.0,210.0,2129.0,2129.0
66,sdge,2009-10-01,1,3359.309,3359.309,6945.0,6945.0,214.0,214.0,7159.0,7159.0
67,sdge,2009-11-01,1,1883.2494000000002,1883.2494000000002,4730.0,4730.0,236.0,236.0,4966.0,4966.0
68,sce,2012-11-01,1,13291.142857142859,70798.1112244898,1454.0,39034.0,8098.0,29048.0,9552.0,68082.0
69,sce,2014-07-01,1,1848.9795918367345,6482.142857142857,1632.0,2430.0,416.0,2551.0,2048.0,4981.0
70,sce,2013-05-01,1,14499.000000000002,57201.84693877552,5544.0,22385.0,12065.0,31422.0,17609.0,53807.0
71,sce,2013-04-01,1,16831.428571428572,62103.88775510205,6348.0,26887.0,14516.0,32604.0,20864.0,59491.0
72,sce,2015-05-01,1,154.6938775510204,1677.5510204081634,64.0,293.0,139.0,380.0,203.0,673.0
73,sce,2015-08-01,1,488.7755102040816,1225.0000000000002,198.0,215.0,141.0,169.0,339.0,384.0
74,sce,2014-04-01,1,2098.9183673469392,10048.612244897962,232.0,3151.0,389.0,3689.0,621.0,6840.0
75,sce,2012-09-01,1,9796.765306122448,61593.570408163265,1268.0,12556.0,6329.0,25293.0,7597.0,37849.0
76,sce,2012-02-01,1,8112.224489795919,59755.98979591837,1115.0,11884.0,5261.0,24203.0,6376.0,36087.0
77,sce,2013-03-01,1,12387.704081632653,59240.0,8626.0,30564.0,11852.0,31114.0,20478.0,61678.0
78,sce,2014-11-01,1,243.46938775510205,3418.0612244897957,79.0,570.0,175.0,1267.0,254.0,1837.0
79,sce,2012-08-01,1,13890.816326530614,63257.07040816327,1357.0,12358.0,8025.0,26409.0,9382.0,38767.0
80,sce,2012-03-01,1,7237.122448979592,62691.0918367347,1161.0,12282.0,5972.0,25728.0,7133.0,38010.0
81,sce,2012-01-01,1,14333.438775510203,64696.571428571435,1720.0,7652.0,7099.0,22947.0,8819.0,30599.0
82,sce,2012-12-01,1,12949.84693877551,68006.9275510204,6275.0,38938.0,7394.0,29034.0,13669.0,67972.0
83,sce,2013-10-01,1,6275.367346938776,31247.61224489796,2202.0,9638.0,3244.0,11757.0,5446.0,21395.0
84,sce,2012-05-01,1,11843.459183673469,68285.73367346938,1393.0,12787.0,6035.0,28169.0,7428.0,40956.0
85,sce,2013-07-01,1,14943.571428571428,60823.30612244898,2257.0,14379.0,17522.0,40528.0,19779.0,54907.0
86,sce,2012-07-01,1,9593.163265306122,64249.1112244898,1278.0,12579.0,6878.0,27209.0,8156.0,39788.0
87,sce,2013-01-01,1,15928.794897959184,67283.72346938774,1696.0,34238.0,11266.0,31168.0,12962.0,65406.0
88,sce,2012-10-01,1,13600.428571428572,75076.70306122449,1589.0,39162.0,8487.0,29899.0,10076.0,69061.0
89,sce,2013-06-01,1,17348.70408163265,64545.78571428572,6463.0,18879.0,11521.0,34159.0,17984.0,53038.0
90,sce,2013-02-01,1,10860.489795918367,60459.13265306122,5031.0,33824.0,8960.0,29485.0,13991.0,63309.0
91,sce,2012-06-01,1,9998.163265306122,65652.88673469386,1148.0,12481.0,8659.0,28423.0,9807.0,40904.0
92,sce,2011-08-01,1,528.8775510204081,28665.87755102041,52.0,7746.0,5.0,6805.0,57.0,14551.0
93,sce,2012-04-01,1,10318.979591836734,70295.80612244898,1144.0,12849.0,5898.0,27756.0,7042.0,40605.0
94,sce,2015-02-01,1,143.06122448979588,2225.1020408163267,30.0,376.0,96.0,617.0,126.0,993.0
95,sce,2014-06-01,1,1091.2244897959183,7573.367346938776,288.0,2718.0,443.0,2994.0,731.0,5712.0
96,sce,2013-09-01,1,8797.744897959183,40045.357142857145,1356.0,10994.0,5601.0,17358.0,6957.0,28352.0
97,sce,2011-04-01,1,130.20408163265307,14111.540816326531,43.0,2631.0,25.0,4105.0,68.0,6736.0
98,sce,2013-08-01,1,15640.377551020409,55685.73469387755,2264.0,13258.0,13360.0,30718.0,15624.0,43976.0
99,sce,2014-01-01,1,1999.0816326530612,14890.65306122449,258.0,3746.0,872.0,5945.0,1130.0,9691.0
100,sce,2014-05-01,1,376.3265306122449,7949.69387755102,201.0,2919.0,306.0,3300.0,507.0,6219.0
101,sce,2014-02-01,1,1206.1224489795918,12891.571428571431,180.0,3488.0,665.0,5073.0,845.0,8561.0
102,sce,2013-12-01,1,5335.306122448979,20225.95918367347,323.0,4069.0,967.0,6912.0,1290.0,10981.0
103,sce,2014-03-01,1,1636.8367346938774,11685.448979591838,157.0,3308.0,719.0,4408.0,876.0,7716.0
104,sce,2013-11-01,1,4746.285714285714,24972.244897959186,3367.0,7436.0,1601.0,8513.0,4968.0,15949.0
105,sce,2014-09-01,1,257.2448979591837,3833.5714285714284,82.0,701.0,266.0,1670.0,348.0,2371.0
106,sce,2015-03-01,1,281.0204081632653,2082.0408163265306,41.0,346.0,81.0,521.0,122.0,867.0
107,sce,2014-10-01,1,158.265306122449,3576.326530612245,49.0,619.0,137.0,1404.0,186.0,2023.0
108,sce,2014-08-01,1,799.591836734694,4633.163265306122,97.0,798.0,465.0,2135.0,562.0,2933.0
109,sce,2007-05-01,1,30.20408163265306,61.53061224489795,4.0,9.0,5.0,10.0,9.0,19.0
110,sce,2015-01-01,1,263.7755102040816,2488.8775510204077,51.0,427.0,219.0,836.0,270.0,1263.0
111,sce,2014-12-01,1,685.7142857142858,3174.591836734694,64.0,491.0,256.0,1092.0,320.0,1583.0
112,sce,2010-05-01,1,63.4795918367347,3201.724489795919,9.0,854.0,27.0,1640.0,36.0,2494.0
113,sce,2011-12-01,1,2188.2653061224487,56681.255102040814,3579.0,10005.0,102.0,17468.0,3681.0,27473.0
114,sce,2011-06-01,1,541.8367346938776,18617.76530612245,151.0,3891.0,45.0,5045.0,196.0,8936.0
115,sce,2011-07-01,1,54.28571428571428,20374.857142857145,106.0,3792.0,13.0,5316.0,119.0,9108.0
116,sce,2008-03-01,1,277.6530612244898,1419.8163265306125,1.0,1644.0,2.0,125.0,3.0,1769.0
117,sce,2006-11-01,1,5.408163265306122,73.0612244897959,1.0,9.0,1.0,9.0,2.0,18.0
118,sce,2015-04-01,1,123.46938775510203,1801.0204081632653,12.0,305.0,60.0,440.0,72.0,745.0
119,sce,2011-09-01,1,63.36734693877552,37360.06122448979,30.0,8017.0,10.0,8079.0,40.0,16096.0
120,sce,2010-06-01,1,15.102040816326532,3309.367346938776,2.0,889.0,3.0,1661.0,5.0,2550.0
121,sce,2010-01-01,1,14.795918367346937,2217.8979591836737,5.0,3851.0,5.0,1434.0,10.0,5285.0
122,sce,2015-10-01,1,6.224489795918368,40.40816326530613,13.0,14.0,19.0,22.0,32.0,36.0
123,sce,2011-03-01,1,73.57142857142858,10341.33673469388,88.0,1910.0,15.0,2642.0,103.0,4552.0
124,sce,2011-05-01,1,63.06122448979592,16866.642857142855,8.0,3459.0,27.0,4535.0,35.0,7994.0
125,sce,2011-10-01,1,15.714285714285714,41151.08163265306,4.0,8404.0,6.0,10015.0,10.0,18419.0
126,sce,2009-03-01,1,14.183673469387754,1252.8979591836735,3.0,519.0,3.0,1027.0,6.0,1546.0
127,sce,2010-04-01,1,513.6734693877551,3608.357142857143,2988.0,3826.0,22.0,1599.0,3010.0,5425.0
128,sce,2008-05-01,1,28.46938775510204,1176.857142857143,3.0,1646.0,4.0,127.0,7.0,1773.0
129,sce,2010-08-01,1,53.061224489795926,3746.948979591837,6.0,1003.0,10.0,1751.0,16.0,2754.0
130,sce,2010-12-01,1,150.81632653061223,5043.581632653062,69.0,1411.0,26.0,2099.0,95.0,3510.0
131,sce,2009-10-01,1,939.387755102041,4035.142857142858,4.0,888.0,4.0,1350.0,8.0,2238.0
132,sce,2010-07-01,1,28.46938775510204,3584.8061224489793,3.0,929.0,3.0,1672.0,6.0,2601.0
133,sce,2008-08-01,1,23.77551020408163,1795.2244897959185,3.0,1809.0,3.0,977.0,6.0,2786.0
134,sce,2008-12-01,1,18.57142857142857,1759.6530612244899,2.0,1834.0,2.0,1004.0,4.0,2838.0
135,sce,2006-10-01,1,10.20408163265306,83.26530612244895,1.0,10.0,1.0,10.0,2.0,20.0
136,sce,2009-09-01,1,9.183673469387756,4005.4489795918366,33.0,905.0,2.0,1312.0,35.0,2217.0
137,sce,2008-06-01,1,11.122448979591836,1184.1020408163267,2.0,1649.0,2.0,129.0,4.0,1778.0
138,sce,2007-10-01,1,29.795918367346935,141.51020408163262,30.0,62.0,4.0,37.0,34.0,99.0
139,sce,2007-02-01,1,9.285714285714285,76.93877551020407,1.0,9.0,1.0,9.0,2.0,18.0
140,sce,2009-01-01,1,15.204081632653061,1783.5306122448978,2.0,1959.0,3.0,1010.0,5.0,2969.0
141,sce,2010-10-01,1,33.77551020408164,4642.561224489796,20.0,1354.0,6.0,1985.0,26.0,3339.0
142,sce,2010-09-01,1,59.591836734693885,3871.336734693877,37.0,1096.0,8.0,1781.0,45.0,2877.0
143,sce,2011-01-01,1,44.69387755102041,5650.41836734694,6.0,1448.0,6.0,2185.0,12.0,3633.0
144,sce,2007-04-01,1,38.06122448979591,87.55102040816325,4.0,10.0,4.0,11.0,8.0,21.0
145,sce,2009-12-01,1,1435.1020408163263,3644.530612244898,6.0,3853.0,7.0,1421.0,13.0,5274.0
146,sce,2007-01-01,1,18.57142857142857,95.51020408163262,2.0,11.0,2.0,11.0,4.0,22.0
147,sce,2009-02-01,1,612.8571428571429,1823.9183673469392,1552.0,2058.0,5.0,1018.0,1557.0,3076.0
148,sce,2011-02-01,1,52.44897959183674,6383.887755102041,5.0,1563.0,8.0,2312.0,13.0,3875.0
149,sce,2007-09-01,1,18.57142857142857,111.53061224489795,2.0,31.0,2.0,31.0,4.0,62.0
150,sce,2009-05-01,1,9.285714285714285,1266.3673469387757,1.0,551.0,1.0,1056.0,2.0,1607.0
151,sce,2009-11-01,1,5.5102040816326525,3598.7142857142853,2.0,3847.0,2.0,1366.0,4.0,5213.0
152,sce,2009-08-01,1,41.12244897959184,2093.510204081633,4.0,902.0,4.0,1307.0,8.0,2209.0
153,sce,2007-11-01,1,18.57142857142857,126.40816326530611,2.0,34.0,2.0,35.0,4.0,69.0
154,sce,2009-06-01,1,31.224489795918366,1371.6734693877552,4.0,670.0,4.0,1073.0,8.0,1743.0
155,sce,2008-11-01,1,143.16326530612247,1895.775510204082,1.0,1831.0,5.0,1005.0,6.0,2836.0
156,sce,2007-12-01,1,18.57142857142857,798.6938775510205,2.0,1635.0,2.0,88.0,4.0,1723.0
157,sce,2008-01-01,1,18.775510204081634,1090.734693877551,2.0,1637.0,2.0,112.0,4.0,1749.0
158,sce,2010-03-01,1,35.30612244897959,3388.969387755102,80.0,3850.0,5.0,1569.0,85.0,5419.0
159,sce,2009-07-01,1,12.755102040816325,1795.9591836734696,3.0,675.0,3.0,1079.0,6.0,1754.0
160,sce,2010-11-01,1,6.224489795918368,4676.336734693878,16.0,1343.0,3.0,1992.0,19.0,3335.0
161,sce,2008-04-01,1,20.408163265306122,1197.2653061224491,3.0,1649.0,3.0,130.0,6.0,1779.0
162,sce,2007-06-01,1,18.57142857142857,40.61224489795919,2.0,6.0,2.0,6.0,4.0,12.0
163,sce,2007-03-01,1,9.285714285714285,76.93877551020407,1.0,9.0,1.0,9.0,2.0,18.0
164,sce,2010-02-01,1,4.183673469387755,2916.724489795918,17.0,3860.0,1.0,1475.0,18.0,5335.0
165,sce,2009-04-01,1,19.69387755102041,1262.8979591836735,1.0,545.0,4.0,1053.0,5.0,1598.0
166,sce,2008-07-01,1,18.57142857142857,1340.2244897959185,2.0,1650.0,2.0,137.0,4.0,1787.0
167,sce,2006-12-01,1,10.20408163265306,77.85714285714285,1.0,9.0,1.0,9.0,2.0,18.0
168,sce,2011-11-01,1,373.4693877551021,49109.41836734694,87.0,9226.0,37.0,13262.0,124.0,22488.0
169,sce,2015-07-01,1,191.12244897959187,1416.122448979592,4.0,219.0,33.0,202.0,37.0,421.0
170,sce,2015-06-01,1,106.73469387755102,1522.8571428571427,10.0,229.0,39.0,241.0,49.0,470.0
171,sce,2015-09-01,1,695.8163265306123,736.2244897959183,3.0,17.0,6.0,28.0,9.0,45.0
172,sce,2015-11-01,1,34.18367346938776,34.18367346938776,1.0,1.0,3.0,3.0,4.0,4.0
173,pge,2017-07-01,1,30.0,30.0,1.0,1.0,,,,
174,pge,2014-08-01,1,257.86400000000003,3903.733,1406.0,8789.0,63.0,522.0,1469.0,9311.0
175,pge,2007-06-01,1,2113.999,25925.859,13103.0,161698.0,560.0,2563.0,13663.0,164261.0
176,pge,2012-01-01,1,13947.937999999998,88932.176,64255.0,247615.0,7061.0,15624.0,71316.0,263239.0
177,pge,2007-01-01,1,1670.2530000000002,8445.059,12200.0,52247.0,415.0,1086.0,12615.0,53333.0
178,pge,2010-03-01,1,4404.58,24887.422000000002,24720.0,135438.0,3103.0,7304.0,27823.0,142742.0
179,pge,2010-07-01,1,8249.364,37137.514,41316.0,186694.0,5607.0,11573.0,46923.0,198267.0
180,pge,2009-12-01,1,8517.089,25749.684,49509.0,159224.0,3856.0,9006.0,53365.0,168230.0
181,pge,2008-05-01,1,3282.073,29422.146,21262.0,187005.0,901.0,3686.0,22163.0,190691.0
182,pge,2007-04-01,1,2870.615,14066.488000000001,17784.0,90724.0,530.0,2032.0,18314.0,92756.0
183,pge,2011-05-01,1,8386.069,83089.462,39551.0,269238.0,3901.0,8038.0,43452.0,277276.0
184,pge,2007-03-01,1,1847.766,10788.635000000002,11492.0,64715.0,499.0,1552.0,11991.0,66267.0
185,pge,2008-10-01,1,7266.924999999999,41842.754,45488.0,260505.0,589.0,4771.0,46077.0,265276.0
186,pge,2008-09-01,1,4990.842000000001,40492.502,30945.0,256783.0,767.0,4124.0,31712.0,260907.0
187,pge,2011-01-01,1,11670.801,51202.005000000005,56085.0,258017.0,5094.0,10437.0,61179.0,268454.0
188,pge,2007-02-01,1,1719.4250000000002,9299.904999999999,10936.0,55987.0,446.0,1214.0,11382.0,57201.0
189,pge,2010-02-01,1,4392.776,22293.311999999998,25635.0,125783.0,2305.0,6476.0,27940.0,132259.0
190,pge,2009-10-01,1,6281.522,24717.907,37176.0,152272.0,2128.0,7040.0,39304.0,159312.0
191,pge,2010-06-01,1,5227.3240000000005,36387.414000000004,28996.0,184680.0,3823.0,11159.0,32819.0,195839.0
192,pge,2008-01-01,1,4327.745,34051.884,26949.0,220436.0,683.0,4110.0,27632.0,224546.0
193,pge,2010-09-01,1,7059.205999999999,51315.676,35632.0,251742.0,4212.0,11596.0,39844.0,263338.0
194,pge,2011-02-01,1,10015.369000000002,50606.796,51267.0,258340.0,4126.0,8854.0,55393.0,267194.0
195,pge,2008-12-01,1,15925.503,37012.409,86000.0,228263.0,816.0,5333.0,86816.0,233596.0
196,pge,2011-08-01,1,11054.993999999999,102896.13999999998,51409.0,313792.0,5118.0,14636.0,56527.0,328428.0
197,pge,2012-04-01,1,10813.776999999998,72023.791,42845.0,250965.0,6161.0,17354.0,49006.0,268319.0
198,pge,2007-07-01,1,2417.686,29441.829999999998,15483.0,183124.0,647.0,3048.0,16130.0,186172.0
199,pge,2007-10-01,1,5712.275000000001,34396.222,35212.0,224030.0,849.0,4268.0,36061.0,228298.0
200,pge,2011-04-01,1,9206.679,59483.766,47444.0,258173.0,4645.0,8221.0,52089.0,266394.0
201,pge,2008-02-01,1,4801.908,32816.645000000004,30297.0,211052.0,606.0,3909.0,30903.0,214961.0
202,pge,2011-11-01,1,18064.443,107263.099,75862.0,323109.0,9129.0,17164.0,84991.0,340273.0
203,pge,2009-01-01,1,8832.321,23458.154,49574.0,156569.0,2173.0,5541.0,51747.0,162110.0
204,pge,2010-08-01,1,10635.343,41776.259000000005,54489.0,207398.0,4566.0,11062.0,59055.0,218460.0
205,pge,2012-11-01,1,9557.625,74841.458,40687.0,269098.0,3264.0,12428.0,43951.0,281526.0
206,pge,2009-08-01,1,5363.780000000001,23391.440000000002,28387.0,143725.0,1274.0,4672.0,29661.0,148397.0
207,pge,2010-10-01,1,8222.443,56997.175,44451.0,287597.0,4629.0,11777.0,49080.0,299374.0
208,pge,2008-08-01,1,3428.0799999999995,34784.903999999995,20662.0,218706.0,668.0,3492.0,21330.0,222198.0
209,pge,2007-11-01,1,5374.908,34393.282,32279.0,222605.0,755.0,4063.0,33034.0,226668.0
210,pge,2002-12-01,1,12.085,,71.0,,28.0,,99.0,
211,pge,2006-12-01,1,1523.572,3832.5589999999997,5746.0,20951.0,313.0,740.0,6059.0,21691.0
212,pge,2009-02-01,1,3752.8,17820.872,22269.0,125262.0,1329.0,4417.0,23598.0,129679.0
213,pge,2009-04-01,1,4209.169,18934.368,28648.0,130845.0,1100.0,4419.0,29748.0,135264.0
214,pge,2009-05-01,1,2404.01,19201.264,15270.0,126673.0,917.0,4342.0,16187.0,131015.0
215,pge,2009-06-01,1,3997.805,22853.324,24048.0,141519.0,1156.0,4827.0,25204.0,146346.0
216,pge,2011-07-01,1,9155.775000000001,91532.128,48951.0,287238.0,5249.0,11464.0,54200.0,298702.0
217,pge,2009-07-01,1,4798.903,22953.559,30577.0,142550.0,1822.0,5141.0,32399.0,147691.0
218,pge,2007-09-01,1,4138.201,34806.768,26734.0,224852.0,657.0,4018.0,27391.0,228870.0
219,pge,2010-01-01,1,6727.615,21260.557,44721.0,132530.0,2947.0,7153.0,47668.0,139683.0
220,pge,2007-05-01,1,3194.876,22345.301,19605.0,140201.0,1273.0,2248.0,20878.0,142449.0
221,pge,2012-09-01,1,17815.600000000002,94272.405,47206.0,322901.0,10429.0,23778.0,57635.0,346679.0
222,pge,2012-03-01,1,14303.169,71313.53700000001,57625.0,251019.0,6164.0,15702.0,63789.0,266721.0
223,pge,2012-05-01,1,13088.997,75891.084,61042.0,274433.0,8128.0,20425.0,69170.0,294858.0
224,pge,2011-09-01,1,17575.291,102532.831,67876.0,314486.0,6058.0,15994.0,73934.0,330480.0
225,pge,2009-03-01,1,3464.5899999999997,18510.870000000003,21280.0,131159.0,1239.0,4591.0,22519.0,135750.0
226,pge,2010-05-01,1,8683.639,37805.939,46493.0,194503.0,3893.0,9760.0,50386.0,204263.0
227,pge,2008-06-01,1,4376.665,30538.240999999998,26264.0,192017.0,735.0,3568.0,26999.0,195585.0
228,pge,2007-08-01,1,3770.1320000000005,34346.562,21549.0,213463.0,766.0,3403.0,22315.0,216866.0
229,pge,2006-10-01,1,25.203,,139.0,,7.0,,146.0,
230,pge,2005-03-01,1,3.942,,18.0,,1.0,,19.0,
231,pge,2010-12-01,1,13949.519999999999,55342.368,80579.0,286289.0,5847.0,12505.0,86426.0,298794.0
232,pge,2008-03-01,1,3637.6499999999996,30543.593,22719.0,196906.0,682.0,3917.0,23401.0,200823.0
233,pge,2003-04-01,1,4.997,,29.0,,2.0,,31.0,
234,pge,2006-07-01,1,8.058,,42.0,,2.0,,44.0,
235,pge,2008-07-01,1,4471.801,32581.423,25911.0,205588.0,1035.0,3823.0,26946.0,209411.0
236,pge,2011-06-01,1,14203.163,91442.54699999999,69332.0,306094.0,4471.0,10224.0,73803.0,316318.0
237,pge,2010-04-01,1,4438.005999999999,27931.326,26176.0,149585.0,2170.0,8030.0,28346.0,157615.0
238,pge,2011-03-01,1,8755.036,56038.707,45633.0,252489.0,4581.0,8646.0,50214.0,261135.0
239,pge,2007-12-01,1,4768.380999999999,33727.219,28858.0,217646.0,737.0,4151.0,29595.0,221797.0
240,pge,2005-05-01,1,9.624,,50.0,,2.0,,52.0,
241,pge,2003-08-01,1,4.474,,31.0,,2.0,,33.0,
242,pge,2006-05-01,1,5.89,,38.0,,2.0,,40.0,
243,pge,2009-09-01,1,6801.866,24929.81,37025.0,154112.0,1365.0,5585.0,38390.0,159697.0
244,pge,2010-11-01,1,17403.311,61879.753000000004,89088.0,321118.0,4271.0,12314.0,93359.0,333432.0
245,pge,2005-06-01,1,3.146,,21.0,,2.0,,23.0,
246,pge,2006-01-01,1,9.364,,65.0,,3.0,,68.0,
247,pge,2008-11-01,1,6618.606,39391.421,40128.0,240907.0,595.0,4834.0,40723.0,245741.0
248,pge,2003-09-01,1,2.0,,16.0,,1.0,,17.0,
249,pge,2009-11-01,1,5945.597,24706.425,35777.0,150186.0,2098.0,7687.0,37875.0,157873.0
250,pge,2006-06-01,1,8.64,,48.0,,2.0,,50.0,
251,pge,2012-06-01,1,18022.395000000004,81142.342,72236.0,290649.0,9108.0,20603.0,81344.0,311252.0
252,pge,2012-02-01,1,29765.461000000003,88804.72499999999,37501.0,237784.0,7581.0,15235.0,45082.0,253019.0
253,pge,2006-08-01,1,29.241999999999997,,158.0,,23.0,,181.0,
254,pge,2005-10-01,1,6.341,,41.0,,6.0,,47.0,
255,pge,2004-02-01,1,6.114,,34.0,,34.0,,68.0,
256,pge,2005-07-01,1,1.068,,12.0,,1.0,,13.0,
257,pge,2008-04-01,1,4690.879999999999,30359.073,31046.0,196264.0,798.0,3891.0,31844.0,200155.0
258,pge,2011-12-01,1,27550.867000000006,103031.884,110267.0,304412.0,8078.0,16247.0,118345.0,320659.0
259,pge,2004-10-01,1,7.92,,60.0,,3.0,,63.0,
260,pge,2006-11-01,1,542.5870000000001,2534.794,2843.0,12744.0,163.0,458.0,3006.0,13202.0
261,pge,2004-03-01,1,6.075,,39.0,,2.0,,41.0,
262,pge,2005-12-01,1,10.224,,57.0,,2.0,,59.0,
263,pge,2011-10-01,1,13560.727,102925.22,61484.0,317444.0,6900.0,16510.0,68384.0,333954.0
264,pge,2004-05-01,1,8.928,,49.0,,26.0,,75.0,
265,pge,2012-08-01,1,15162.771,85654.48000000001,58575.0,304665.0,10538.0,20573.0,69113.0,325238.0
266,pge,2013-02-01,1,5910.425,41386.219,23276.0,143452.0,407.0,3040.0,23683.0,146492.0
267,pge,2003-06-01,1,18.324,,128.0,,4.0,,132.0,
268,pge,2012-12-01,1,13473.506,65283.833,56889.0,228411.0,5376.0,9164.0,62265.0,237575.0
269,pge,2006-04-01,1,18.216,,108.0,,3.0,,111.0,
270,pge,2013-09-01,1,1660.2569999999996,20068.822,6430.0,58211.0,118.0,1758.0,6548.0,59969.0
271,pge,2014-09-01,1,226.731,3645.869,1028.0,7383.0,84.0,459.0,1112.0,7842.0
272,pge,2013-12-01,1,7870.458999999999,17330.216999999997,29399.0,46253.0,116.0,1402.0,29515.0,47655.0
273,pge,2012-10-01,1,14308.386999999999,89149.845,60145.0,329243.0,8152.0,20580.0,68297.0,349823.0
274,pge,2012-07-01,1,13658.476,82100.97200000001,60616.0,301955.0,9442.0,20295.0,70058.0,322250.0
275,pge,2014-02-01,1,195.98500000000004,9030.304,856.0,14917.0,101.0,1168.0,957.0,16085.0
276,pge,2013-08-01,1,3237.288,23306.110000000004,15233.0,73444.0,110.0,1868.0,15343.0,75312.0
277,pge,2013-01-01,1,10424.107999999998,51810.327,28070.0,171522.0,748.0,3788.0,28818.0,175310.0
278,pge,2013-04-01,1,1709.9269999999997,34215.019,5514.0,114140.0,302.0,2459.0,5816.0,116599.0
279,pge,2014-10-01,1,257.87800000000004,3419.138,1131.0,6355.0,60.0,375.0,1191.0,6730.0
280,pge,2014-04-01,1,243.79700000000003,8608.817000000001,1144.0,13062.0,154.0,1015.0,1298.0,14077.0
281,pge,2013-07-01,1,1973.081,25279.191000000003,9181.0,82625.0,80.0,1948.0,9261.0,84573.0
282,pge,2014-07-01,1,4022.948000000001,7926.6810000000005,971.0,9760.0,230.0,752.0,1201.0,10512.0
283,pge,2014-06-01,1,145.84199999999998,8072.522999999999,674.0,10434.0,37.0,789.0,711.0,11223.0
284,pge,2013-10-01,1,456.60499999999996,18408.565,2262.0,51781.0,100.0,1640.0,2362.0,53421.0
285,pge,2013-06-01,1,3598.314,28877.504999999997,11447.0,94072.0,104.0,2052.0,11551.0,96124.0
286,pge,2013-03-01,1,1260.775,35475.793999999994,6036.0,120176.0,174.0,2633.0,6210.0,122809.0
287,pge,2014-05-01,1,292.49700000000007,8365.02,1484.0,11918.0,72.0,861.0,1556.0,12779.0
288,pge,2013-05-01,1,3627.587,32505.091999999997,14554.0,108626.0,105.0,2157.0,14659.0,110783.0
289,pge,2014-01-01,1,429.4539999999999,9459.758,1937.0,16854.0,118.0,1286.0,2055.0,18140.0
290,pge,2013-11-01,1,621.743,17951.960000000003,3266.0,49519.0,138.0,1540.0,3404.0,51059.0
291,pge,2014-12-01,1,150.84300000000002,3077.401,679.0,4859.0,104.0,295.0,783.0,5154.0
292,pge,2015-02-01,1,89.16199999999999,2799.288,383.0,3631.0,44.0,162.0,427.0,3793.0
293,pge,2014-11-01,1,83.85900000000001,3161.26,365.0,5224.0,20.0,315.0,385.0,5539.0
294,pge,2015-03-01,1,103.969,2710.126,455.0,3248.0,22.0,118.0,477.0,3366.0
295,pge,2015-04-01,1,140.84,2606.157,608.0,2793.0,30.0,96.0,638.0,2889.0
296,pge,2015-05-01,1,66.42199999999998,2465.317,286.0,2185.0,15.0,66.0,301.0,2251.0
297,pge,2015-06-01,1,11.469000000000001,2398.895,47.0,1899.0,3.0,51.0,50.0,1950.0
298,pge,2015-01-01,1,127.26999999999998,2926.5580000000004,549.0,4180.0,29.0,191.0,578.0,4371.0
299,pge,2014-03-01,1,225.50200000000004,8834.319,999.0,14061.0,52.0,1067.0,1051.0,15128.0
300,pge,2015-07-01,1,24.787999999999997,2387.426,108.0,1852.0,26.0,48.0,134.0,1900.0
301,pge,1984-08-01,1,810.0,,1.0,,,,,
302,pge,2015-09-01,1,100.0,2362.638,1.0,1744.0,,22.0,,1766.0
303,pge,2015-10-01,1,2.11,2262.638,10.0,1743.0,10.0,22.0,20.0,1765.0
304,pge,2016-02-01,1,390.528,2260.5280000000002,1728.0,1733.0,12.0,12.0,1740.0,1745.0
305,pge,2016-09-01,1,1840.0,1870.0,4.0,5.0,,,,
